{
  "hash": "e335cabb",
  "configHash": "82ea5bf6",
  "lockfileHash": "fd4d3caf",
  "browserHash": "a38d68b3",
  "optimized": {
    "@angular/core": {
      "src": "../../../../../node_modules/@angular/core/fesm2022/core.mjs",
      "file": "@angular_core.js",
      "fileHash": "c908bedd",
      "needsInterop": false
    },
    "@angular/platform-browser": {
      "src": "../../../../../node_modules/@angular/platform-browser/fesm2022/platform-browser.mjs",
      "file": "@angular_platform-browser.js",
      "fileHash": "025d7ee6",
      "needsInterop": false
    },
    "@angular/router": {
      "src": "../../../../../node_modules/@angular/router/fesm2022/router.mjs",
      "file": "@angular_router.js",
      "fileHash": "cd903a9d",
      "needsInterop": false
    }
  },
  "chunks": {
    "chunk-N66RCRT4": {
      "file": "chunk-N66RCRT4.js"
    },
    "chunk-B5LUOZ3Q": {
      "file": "chunk-B5LUOZ3Q.js"
    }
  }
}