{
  "hash": "a8f01429",
  "configHash": "435d7557",
  "lockfileHash": "b131afc8",
  "browserHash": "2e4b5964",
  "optimized": {
    "@angular/common": {
      "src": "../../../../../node_modules/@angular/common/fesm2022/common.mjs",
      "file": "@angular_common.js",
      "fileHash": "93fc453f",
      "needsInterop": false
    },
    "@angular/common/http": {
      "src": "../../../../../node_modules/@angular/common/fesm2022/http.mjs",
      "file": "@angular_common_http.js",
      "fileHash": "b5effd53",
      "needsInterop": false
    },
    "@angular/core": {
      "src": "../../../../../node_modules/@angular/core/fesm2022/core.mjs",
      "file": "@angular_core.js",
      "fileHash": "d9cf8f50",
      "needsInterop": false
    },
    "@angular/forms": {
      "src": "../../../../../node_modules/@angular/forms/fesm2022/forms.mjs",
      "file": "@angular_forms.js",
      "fileHash": "c9e2f153",
      "needsInterop": false
    },
    "@angular/platform-browser": {
      "src": "../../../../../node_modules/@angular/platform-browser/fesm2022/platform-browser.mjs",
      "file": "@angular_platform-browser.js",
      "fileHash": "d3b5e31a",
      "needsInterop": false
    },
    "@angular/router": {
      "src": "../../../../../node_modules/@angular/router/fesm2022/router.mjs",
      "file": "@angular_router.js",
      "fileHash": "3ac38301",
      "needsInterop": false
    },
    "@ng-bootstrap/ng-bootstrap": {
      "src": "../../../../../node_modules/@ng-bootstrap/ng-bootstrap/fesm2022/ng-bootstrap.mjs",
      "file": "@ng-bootstrap_ng-bootstrap.js",
      "fileHash": "a049b67e",
      "needsInterop": false
    }
  },
  "chunks": {
    "chunk-EKYBGKR2": {
      "file": "chunk-EKYBGKR2.js"
    },
    "chunk-NSOTAGBG": {
      "file": "chunk-NSOTAGBG.js"
    },
    "chunk-4VL3V55P": {
      "file": "chunk-4VL3V55P.js"
    },
    "chunk-L42NEIK5": {
      "file": "chunk-L42NEIK5.js"
    },
    "chunk-YUUC2MIQ": {
      "file": "chunk-YUUC2MIQ.js"
    }
  }
}