{
  "hash": "79005fe1",
  "configHash": "11c6abd3",
  "lockfileHash": "e8e5af95",
  "browserHash": "14a17b17",
  "optimized": {
    "@angular/common": {
      "src": "../../../../../node_modules/@angular/common/fesm2022/common.mjs",
      "file": "@angular_common.js",
      "fileHash": "de67623a",
      "needsInterop": false
    },
    "@angular/core": {
      "src": "../../../../../node_modules/@angular/core/fesm2022/core.mjs",
      "file": "@angular_core.js",
      "fileHash": "582c29c0",
      "needsInterop": false
    },
    "@angular/forms": {
      "src": "../../../../../node_modules/@angular/forms/fesm2022/forms.mjs",
      "file": "@angular_forms.js",
      "fileHash": "d8fc9db3",
      "needsInterop": false
    },
    "@angular/platform-browser": {
      "src": "../../../../../node_modules/@angular/platform-browser/fesm2022/platform-browser.mjs",
      "file": "@angular_platform-browser.js",
      "fileHash": "40f18a61",
      "needsInterop": false
    },
    "@angular/router": {
      "src": "../../../../../node_modules/@angular/router/fesm2022/router.mjs",
      "file": "@angular_router.js",
      "fileHash": "1d0e3d12",
      "needsInterop": false
    },
    "@daelmaak/ngx-gallery": {
      "src": "../../../../../node_modules/@daelmaak/ngx-gallery/fesm2022/daelmaak-ngx-gallery.mjs",
      "file": "@daelmaak_ngx-gallery.js",
      "fileHash": "9cfbf777",
      "needsInterop": false
    },
    "@ng-bootstrap/ng-bootstrap": {
      "src": "../../../../../node_modules/@ng-bootstrap/ng-bootstrap/fesm2022/ng-bootstrap.mjs",
      "file": "@ng-bootstrap_ng-bootstrap.js",
      "fileHash": "3120f92f",
      "needsInterop": false
    }
  },
  "chunks": {
    "chunk-CKJ2FRFV": {
      "file": "chunk-CKJ2FRFV.js"
    },
    "chunk-4VL3V55P": {
      "file": "chunk-4VL3V55P.js"
    },
    "chunk-L42NEIK5": {
      "file": "chunk-L42NEIK5.js"
    },
    "chunk-YUUC2MIQ": {
      "file": "chunk-YUUC2MIQ.js"
    }
  }
}